1035594,2,Azazie Heaton BG,11620,9564,
1051778,2,Azazie Dysis BG,11629,6769,
1035604,2,Azazie Delaina BG,11630,6767,
1006581,2,Azazie Lorenza BG,12173,6767,
1006564,2,Azazie Cindy BG,11620,9568,
1035612,2,Azazie Fawn BG,11620,6769,
1003075,2,Azazie Xena BG,11620,9567,
1035602,2,Azazie Rhodes BG,11630,6771,
1006552,2,Azazie Josephine BG,11630,9564,
1006623,2,Azazie Devi BG,11629,9561,
1004153,2,Azazie Saffron BG,11620,9561,
1051737,2,Azazie Fahren BG,11620,9568,
1003089,2,Azazie Melrose BG,11630,6771,
1051829,2,Azazie Leonie BG,11630,9566,
1035621,2,Azazie Alemia BG,11629,6770,
1051775,2,Azazie Gala BG,11630,9564,
1051760,2,Azazie Starlow BG,11620,9565,
1003003,2,Azazie Lafayette BG,11620,9562,
1001512,2,Azazie Judith BG,11630,9566,
1006625,2,Azazie Sorella BG,11620,6771,
1051769,2,Azazie Vivienne BG,11630,6765,
1051771,2,Azazie Mistie BG,11620,9562,
1051850,2,Azazie Calliana BG,11620,9562,
1006628,2,Azazie Trixie BG,11620,6769,
1051772,2,Azazie Empiria BG,11630,9565,
1051833,2,Azazie Diora BG,307026,6767,
1003085,2,Azazie Rowe BG,11629,6767,
1035566,2,Azazie Devonna BG,11630,9567,
1006553,2,Azazie Bella BG,11629,9566,
1035574,2,Azazie July BG,11629,6769,
1035586,2,Azazie Bellisima BG,11629,6772,
1003032,2,Azazie Roux BG,11620,6770,
1051819,2,Azazie James BG,11629,9564,
1001992,2,Azazie Saskia BG,11630,6770,
1001024,2,Azazie Nicola BG,9478,6771,
1006559,2,Azazie Florine BG,11621,9565,
1035606,2,Azazie Irelynn BG,11630,6770,
1051751,2,Azazie Rosalia BG,11620,6769,
1035605,2,Azazie Daira BG,11620,6771,
1051848,2,Azazie Nyx BG,11629,6768,
1000990,2,Azazie Dolores BG,3,6770,
1002001,2,Azazie Bess BG,11630,6770,
1006541,2,Azazie Poppy BG,11630,6765,
1051764,2,Azazie Konstantin BG,11620,6766,
1006551,2,Azazie Mira BG,11630,6768,
1051765,2,Azazie Camari BG,11630,9563,
1051836,2,Azazie Florian BG,11630,6765,
1051841,2,Azazie Cerelia BG,11620,6766,
1006587,2,Azazie Elias BG,11620,9564,
1051845,2,Azazie Amaryllis BG,11629,9564,
1051762,2,Azazie Maylie BG,11620,6766,
1002067,2,Azazie Stevie BG,12110,9564,
1051846,2,Azazie Aurelie BG,11620,9563,
1003048,2,Azazie Ramona BG,11621,6767,
1002050,2,Azazie Marlin BG,11621,6766,
1002069,2,Azazie Indie BG,11621,6766,
1003072,2,Azazie Sydney BG,11629,9567,
1001525,2,Azazie Angelique BG,11620,6768,
